{
  "path": [{
    "label":"医疗救援",
    "resourceId": 1,
    "color": [255, 152, 0, 200],
    "type": "hospital",
    "duration": 3.0,
    "trafficLight": 6,
    "path": [10, 117.049718, 36.656392, 0, 30.9, 117.049702, 36.654459, 0, 39.25454545454545, 117.049777, 36.65446, 0, 47.60909090909091, 117.050859, 36.654446, 0, 55.96363636363637, 117.05286, 36.654422, 0, 64.31818181818183, 117.054497, 36.654419, 0, 72.67272727272729, 117.055281, 36.654418, 0, 81.02727272727275, 117.056184, 36.654414, 0, 89.3818181818182, 117.058624, 36.654412, 0, 97.73636363636366, 117.058679, 36.654412, 0, 106.09090909090912, 117.059747, 36.65441, 0, 114.44545454545458, 117.06019, 36.654409, 0, 122.80000000000004, 117.061655, 36.654406, 0, 182.50000000000006, 117.061659, 36.65077, 0, 182.60000000000005, 117.06163, 36.650767, 0]
    },
    {
      "label":"环保安监",
      "resourceId": 2,
      "color": [0, 100, 0, 200],
      "type": "safe",
      "duration": 2.0,
      "trafficLight": 6,
      "path": [0, 117.062617, 36.63738, 0, 7.4, 117.063022, 36.637278, 0, 19.771428571428572, 117.062448, 36.640529, 0, 32.14285714285714, 117.062237, 36.642767, 0, 44.514285714285705, 117.063023, 36.644678, 0, 56.88571428571427, 117.063924, 36.646235, 0, 69.25714285714284, 117.064529, 36.647558, 0, 81.6285714285714, 117.065543, 36.650497, 0, 93.99999999999997, 117.06571, 36.651101, 0, 100.12499999999997, 117.064882, 36.651046, 0, 106.24999999999997, 117.063646, 36.650946, 0, 112.37499999999997, 117.061659, 36.65077, 0, 118.49999999999997, 117.06163, 36.650767, 0]
    },
    {
      "label":"消防救援",
      "resourceId": 3,
      "color": [255, 72, 255, 200],
      "type": "fire",
      "duration": 7.0,
      "trafficLight": 6,
      "path": [10, 117.024386, 36.662597, 0, 32.6, 117.023114, 36.662581, 0, 53.7, 117.023114, 36.66253, 0, 74.80000000000001, 117.027324, 36.663008, 0, 106.50000000000001, 117.027796, 36.665738, 0, 122.73750000000001, 117.028767, 36.665751, 0, 138.97500000000002, 117.030162, 36.665785, 0, 155.21250000000003, 117.030787, 36.665803, 0, 171.45000000000005, 117.032388, 36.665806, 0, 187.68750000000006, 117.034175, 36.665854, 0, 203.92500000000007, 117.035902, 36.665884, 0, 220.16250000000008, 117.036199, 36.665898, 0, 236.4000000000001, 117.043477, 36.665903, 0, 252.6375000000001, 117.043646, 36.665903, 0, 268.8750000000001, 117.049786, 36.665894, 0, 285.1125000000001, 117.049884, 36.665896, 0, 301.35000000000014, 117.058765, 36.665843, 0, 317.58750000000015, 117.058803, 36.66584, 0, 333.82500000000016, 117.062796, 36.665842, 0, 350.06250000000017, 117.06647, 36.665828, 0, 366.3000000000002, 117.067213, 36.665823, 0, 375.1000000000002, 117.067306, 36.664795, 0, 384.37500000000017, 117.067026, 36.662241, 0, 393.65000000000015, 117.066544, 36.660705, 0, 402.9250000000001, 117.066504, 36.660528, 0, 412.2000000000001, 117.066123, 36.657708, 0, 421.4750000000001, 117.065747, 36.655942, 0, 430.75000000000006, 117.065741, 36.655915, 0, 440.02500000000003, 117.065411, 36.654402, 0, 449.3, 117.065011, 36.652105, 0, 466.7, 117.063646, 36.650946, 0, 471.75, 117.061659, 36.65077, 0, 476.8, 117.06163, 36.650767, 0]
    },
    {
      "label":"交通救援",
      "resourceId": 4,
      "color": [6, 155, 255, 200],
      "type": "police",
      "duration": 2.0,
      "trafficLight": 6,
      "path": [10, 117.051469, 36.648308, 0, 21.5, 117.05534, 36.649775, 0, 33.54, 117.058175, 36.649948, 0, 45.58, 117.063313, 36.650355, 0, 57.62, 117.063749, 36.650386, 0, 69.66, 117.06478, 36.650437, 0, 81.7, 117.065543, 36.650497, 0, 93.4, 117.06571, 36.651101, 0, 99.525, 117.064882, 36.651046, 0, 105.65, 117.063646, 36.650946, 0, 111.775, 117.061659, 36.65077, 0, 117.9, 117.06163, 36.650767, 0]
    },
    {
      "label":"交通救援",
      "resourceId": 5,
      "color": [6, 155, 255, 200],
      "type": "police",
      "duration": 2.0,
      "trafficLight": 6,
      "path": [10, 117.068081, 36.645922, 0, 30.35, 117.066736, 36.645031, 0, 60.7, 117.064881, 36.645049, 0, 91.05000000000001, 117.064697, 36.645053, 0, 121.4, 117.063529, 36.64503, 0, 132.3, 117.063522, 36.644689, 0, 150.10000000000002, 117.063023, 36.644678, 0, 161.3, 117.063924, 36.646235, 0, 172.5, 117.064529, 36.647558, 0, 183.7, 117.065543, 36.650497, 0, 194.89999999999998, 117.06571, 36.651101, 0, 201.02499999999998, 117.064882, 36.651046, 0, 207.14999999999998, 117.063646, 36.650946, 0, 213.27499999999998, 117.061659, 36.65077, 0, 219.39999999999998, 117.06163, 36.650767, 0]
    },
    {
      "label":"环保安监",
      "resourceId": 6,
      "color": [0, 158, 90, 200],
      "type": "environmental",
      "duration": 6.5,
      "trafficLight": 6,
      "path": [10, 117.118959, 36.655163, 0, 7.5, 117.118988, 36.655146, 0, 19.766666666666666, 117.118737, 36.655066, 0, 32.03333333333333, 117.118512, 36.654528, 0, 44.3, 117.118072, 36.654287, 0, 52.0, 117.11811, 36.654139, 0, 59.7, 117.118185, 36.653844, 0, 81.10000000000001, 117.117457, 36.653846, 0, 102.50000000000001, 117.110586, 36.653858, 0, 123.90000000000002, 117.107317, 36.65386, 0, 166.40000000000003, 117.105364, 36.65881, 0, 183.21250000000003, 117.105375, 36.659, 0, 200.02500000000003, 117.105132, 36.658991, 0, 216.83750000000003, 117.095517, 36.65711, 0, 233.65000000000003, 117.095371, 36.657068, 0, 250.46250000000003, 117.088356, 36.65504, 0, 267.27500000000003, 117.08823, 36.655003, 0, 284.08750000000003, 117.084166, 36.653833, 0, 300.90000000000003, 117.076304, 36.651973, 0, 304.90000000000003, 117.075885, 36.652141, 0, 318.57500000000005, 117.074617, 36.652012, 0, 332.25000000000006, 117.071176, 36.651658, 0, 345.92500000000007, 117.066742, 36.651181, 0, 359.6000000000001, 117.06571, 36.651101, 0, 365.7250000000001, 117.064882, 36.651046, 0, 371.8500000000001, 117.063646, 36.650946, 0, 377.9750000000001, 117.061659, 36.65077, 0, 384.1000000000001, 117.06163, 36.650767, 0]
    }
  ]
}